"id","category_id","title","description","created_at","updated_at"
"1","1","cara mandikan kambing golek","google jea",NULL,"2017-09-15 07:41:38"
"2","2","cara masak telur","letak dalam kuali",NULL,NULL
"3","1","ahmad","albab","2017-09-15 03:12:01",NULL
"4","2","asda","asd","2017-09-15 03:35:04",NULL
"5","1","test","tset","2017-09-15 04:04:10",NULL
"6","1","test","set","2017-09-15 04:04:16",NULL
"7","1","wqew","qewe","2017-09-15 04:04:23",NULL
"8","1","sdf","sdfsdf","2017-09-15 04:07:06",NULL
"9","1","asd","sda","2017-09-15 04:07:21",NULL
"10","1","ahd","das","2017-09-15 04:07:40",NULL
"10”,”1”,”basikal”,”das","2017-09-15 04:07:40",NULL
"10”,”1”,”lori”,”das","2017-09-15 04:07:40",NULL
"10”,”1”,”motor”,”das","2017-09-15 04:07:40",NULL
